ID, Name, Date, Title, PV
1,Cora Rice,02/02/1943,magumpo,08733
2,Cecelia Cooper,03/20/1901,unse,04167
3,Eugenia Smith,10/13/1946,fos,11386
4,Allie Montgomery,11/30/1974,jeruor,59354
5,Edward Barker,06/07/1901,geho,17589
6,Loretta Vega,07/17/2064,hanjaufu,90218
7,Lillie Ortega,01/03/2018,adra,82214
8,Daisy Cook,01/20/1925,mekakuta,56651
9,Adele Carpenter,05/31/2064,ure,58455
10,Chase Logan,12/13/2023,mufi,01670
11,Johanna Peters,03/11/2033,jukvuban,75422
12,Leonard Olson,02/08/1992,osiososi,11511
13,Eliza Cortez,05/17/2026,ru,61259
14,Linnie Rodriquez,02/23/1921,igibov,46150
15,Phoebe Allison,01/27/2049,nisigva,51810
16,Joseph Reyes,04/20/1934,wetu,85458
17,Sadie Thornton,11/01/2064,aj,49178
18,Garrett Bryan,02/24/1939,kodaif,48164
19,Alberta Ortega,11/11/1903,ref,98100
20,Carl Graham,07/29/1941,ijuvu,13804
21,Catherine Parks,11/26/2048,onaho,67157
22,Frances Sims,01/10/2029,perugref,88034
23,Rose Norman,04/17/1965,fevudcu,89231
24,Georgie Greer,07/15/1909,ubibini,63669
25,Amanda Brooks,02/15/1926,uwhe,24401
26,Joe Knight,02/23/2043,bumom,17775
27,Alma Sherman,03/07/2027,oz,87862
28,Jackson Holloway,06/22/2067,umo,01461
29,Harold Briggs,10/08/2013,papeje,19913
30,Hettie West,12/19/2016,bapas,38681
31,Millie Hodges,02/02/2036,wapwu,96347
32,Lura Dean,01/27/1912,tuh,94780
33,Lelia Haynes,12/28/1982,kuil,86656
34,Laura Chambers,05/06/2030,digouku,41697
35,Susan Hanson,01/07/2033,ladiba,29515
36,Mable Hanson,05/01/1912,womah,88566
37,Jesse Beck,05/29/1925,cil,47271
38,Leon Barrett,01/29/1936,mobdi,56220
39,Elnora Watson,04/12/2047,ejwe,85289
40,Travis Marsh,05/01/1914,sicumcu,19442
41,Fanny Conner,04/25/2009,kic,26773
42,Sam Lindsey,08/01/2009,ovkour,62926
43,Jackson Wagner,01/28/1979,ipe,00516
44,Lora Ball,07/09/1948,panci,51191
45,Gilbert McBride,08/15/2016,sinhe,56856
46,Caroline Morales,12/30/1918,zobaguho,74778
47,Leon Baldwin,10/26/1993,hotista,81779
48,Isabelle Collier,02/21/2057,tiv,80036
49,Eula Norton,11/20/1967,ufiijoosa,20838
50,Virgie Fernandez,03/02/2034,faje,45253
51,Vincent Norman,04/14/1925,bepito,43037
52,Carrie Dunn,04/23/2057,mohma,29747
53,Edith Austin,07/26/2006,tubala,73415
54,Carl Graham,12/17/1995,nilper,66383
55,Violet Watkins,06/11/2034,akkawo,07326
56,Luke Weber,03/20/1932,fivloz,44643
57,Eugene Daniel,01/12/2043,gelov,84941
58,Nannie Carson,05/06/1989,ke,23081
59,Eddie Walker,03/05/1969,biskej,88027
60,Rena Gray,12/23/2007,fav,58065
61,Ethan Carlson,08/30/2037,hube,63855
62,Cody Alexander,10/09/2003,vo,74056
63,Cordelia Wells,10/07/1908,coakasa,42555
64,Rena McCormick,11/11/2033,gi,26951
65,Agnes Alvarez,07/03/1985,ihiloki,58551
66,Mabelle Reid,06/27/2035,ni,92940
67,Hilda Romero,03/11/2069,vewu,89354
68,Marguerite Carlson,05/14/2002,hul,87857
69,Georgia Sanchez,05/12/2049,hukdibnuc,41795
70,Tillie Logan,05/30/1990,tirto,93960
71,Isabelle Swanson,06/15/1974,cobego,61420
72,Norman Guerrero,11/30/1935,rezwefib,95081
73,Mittie Buchanan,01/03/1983,uw,01855
74,Jayden Lucas,10/10/1987,nizveza,89319
75,Isaiah Lawson,09/12/2023,nirjuvhik,66491
76,Nora Colon,06/07/1979,ez,47723
77,Minerva Daniels,11/16/1939,jamojhop,76256
78,Henrietta Underwood,04/18/2027,wotihku,90384
79,Tom Tucker,01/14/1929,jartugi,92340
80,Mae McBride,03/09/2021,il,53421
81,Tyler Ballard,01/23/2053,mowwe,32038
82,Kyle Fletcher,08/12/2028,zekifhe,98151
83,Julian Carroll,06/24/1945,ruloj,80146
84,Celia Barrett,08/20/1930,geokahir,10401
85,Bradley Duncan,12/01/1958,duduze,91050
86,Janie Higgins,09/19/1923,liv,82717
87,Edward Pratt,03/11/1938,lier,95644
88,Anthony Ferguson,12/07/2044,makog,53598
89,Matthew Rodriquez,08/04/1946,po,11707
90,Tommy Kelley,12/24/1953,apeogi,26448
91,Connor Johnston,10/06/1965,vup,05646
92,Lettie Boyd,08/08/1955,cosbel,45737
93,Tony Lopez,03/03/2070,nu,32825
94,Victoria Lopez,03/04/1902,lerepsel,21305
95,Beulah Mack,01/18/1992,jul,01386
96,Mattie Ramos,08/16/1966,ni,33041
97,Sophie Lindsey,05/06/2014,dororace,16331
98,Sallie Moreno,02/23/2029,kisi,56635
99,Albert Garcia,05/19/1926,har,65017
100,Barry Vega,02/14/1948,malajit,47753
